{"proxies":{"ti.car.TiCarModule":{"superPackageName":"org.appcelerator.kroll","methods":{"createGridTemplate":{"runOnUiThread":false,"hasInvocation":false,"args":[{"converter":"org.appcelerator.kroll.KrollConverter","defaultValueProvider":"org.appcelerator.kroll.KrollConverter","name":"data","sourceName":"data","type":"org.appcelerator.kroll.KrollDict"},{"converter":"org.appcelerator.kroll.KrollConverter","defaultValueProvider":"org.appcelerator.kroll.KrollConverter","name":"templateId","sourceName":"templateId","type":"java.lang.String"}],"apiName":"createGridTemplate","converter":"org.appcelerator.kroll.KrollConverter","defaultValueProvider":"org.appcelerator.kroll.KrollConverter","name":"__default_name__","returnType":"void"},"createTabTemplate":{"runOnUiThread":false,"hasInvocation":false,"args":[{"converter":"org.appcelerator.kroll.KrollConverter","defaultValueProvider":"org.appcelerator.kroll.KrollConverter","name":"data","sourceName":"data","type":"org.appcelerator.kroll.KrollDict"}],"apiName":"createTabTemplate","converter":"org.appcelerator.kroll.KrollConverter","defaultValueProvider":"org.appcelerator.kroll.KrollConverter","name":"__default_name__","returnType":"void"},"createListTemplate":{"runOnUiThread":false,"hasInvocation":false,"args":[{"converter":"org.appcelerator.kroll.KrollConverter","defaultValueProvider":"org.appcelerator.kroll.KrollConverter","name":"data","sourceName":"data","type":"org.appcelerator.kroll.KrollDict"},{"converter":"org.appcelerator.kroll.KrollConverter","defaultValueProvider":"org.appcelerator.kroll.KrollConverter","name":"templateId","sourceName":"templateId","type":"java.lang.String"}],"apiName":"createListTemplate","converter":"org.appcelerator.kroll.KrollConverter","defaultValueProvider":"org.appcelerator.kroll.KrollConverter","name":"__default_name__","returnType":"void"},"createMessageTemplate":{"runOnUiThread":false,"hasInvocation":false,"args":[{"converter":"org.appcelerator.kroll.KrollConverter","defaultValueProvider":"org.appcelerator.kroll.KrollConverter","name":"data","sourceName":"data","type":"org.appcelerator.kroll.KrollDict"}],"apiName":"createMessageTemplate","converter":"org.appcelerator.kroll.KrollConverter","defaultValueProvider":"org.appcelerator.kroll.KrollConverter","name":"__default_name__","returnType":"void"},"createToast":{"runOnUiThread":false,"hasInvocation":false,"args":[{"converter":"org.appcelerator.kroll.KrollConverter","defaultValueProvider":"org.appcelerator.kroll.KrollConverter","name":"message","sourceName":"message","type":"java.lang.String"}],"apiName":"createToast","converter":"org.appcelerator.kroll.KrollConverter","defaultValueProvider":"org.appcelerator.kroll.KrollConverter","name":"__default_name__","returnType":"void"}},"superProxyBindingClassName":"org.appcelerator.kroll.KrollModuleBindingGen","proxyClassName":"TiCarModule","proxyAttrs":{"propertyAccessors":[],"fullAPIName":"TiCar","name":"TiCar","proxyClassName":"ti.car.TiCarModule","isTopLevel":false,"id":"ti.car"},"packageName":"ti.car","sourceName":"ti.car.TiCarModuleBindingGen","isTitaniumSdk":false,"superProxyClassName":"KrollModule","isModule":true,"genClassName":"TiCarModuleBindingGen","onAppCreate":"onAppCreate"}},"modules":{"ti.car.TiCarModule":{"apiName":"TiCar"}}}