<?xml version="1.0" encoding="UTF-8"?>
<ti:module xmlns:ti="http://ti.tidev.io" xmlns:android="http://schemas.android.com/apk/res/android">
	<!-- Similar to tiapp.xml, but contains module/platform specific configuration in <iphone> and <android> sections -->
	<android xmlns:android="http://schemas.android.com/apk/res/android">
		<manifest>
			<application>
				<meta-data android:name="androidx.car.app.minCarApiLevel" android:value="1"/>

				<service android:name=".TiCarService" android:exported="true">
					<intent-filter>
						<action android:name="androidx.car.app.CarAppService"/>
						<category android:name="androidx.car.app.category.PARKING"/>
					</intent-filter>
				</service>
			</application>
			<uses-feature android:name="android.hardware.type.automotive" android:required="true"/>

		</manifest>
	</android>
</ti:module>
